1,1,10,1000000,0,0,"2021-02-25 15:46:54","2021-02-25 15:46:54"
1,1,10,1000001,0,0,"2021-02-25 15:46:54","2021-02-25 15:46:54"
1,1,10,1000002,0,0,"2021-02-25 15:46:54","2021-02-25 15:46:54"
1,1,10,1000003,0,0,"2021-02-25 15:46:54","2021-02-25 15:46:54"
1,1,10,1000004,0,0,"2021-02-25 15:46:54","2021-02-25 15:46:54"
1,1,10,1000005,0,0,"2021-02-25 15:46:54","2021-02-25 15:46:54"
1,1,10,1000006,0,0,"2021-02-25 15:46:54","2021-02-25 15:46:54"
1,1,10,1000007,0,0,"2021-02-25 15:46:54","2021-02-25 15:46:54"
1,1,10,1000008,0,0,"2021-02-25 15:46:54","2021-02-25 15:46:54"
1,1,10,1000009,0,0,"2021-02-25 15:46:54","2021-02-25 15:46:54"
1,1,10,1000010,0,0,"2021-02-25 15:46:54","2021-02-25 15:46:54"
1,1,10,1000011,0,0,"2021-02-25 15:46:54","2021-02-25 15:46:54"
1,1,10,1000012,0,0,"2021-02-25 15:46:54","2021-02-25 15:46:54"
1,1,10,1000013,0,0,"2021-02-25 15:46:54","2021-02-25 15:46:54"
1,1,10,1000014,0,0,"2021-02-25 15:46:54","2021-02-25 15:46:54"
1,1,10,1000015,0,0,"2021-02-25 15:46:54","2021-02-25 15:46:54"
1,1,10,1000016,0,0,"2021-02-25 15:46:54","2021-02-25 15:46:54"
1,1,10,1000017,0,0,"2021-02-25 15:46:54","2021-02-25 15:46:54"
1,1,10,1000018,0,0,"2021-02-25 15:46:54","2021-02-25 15:46:54"
1,1,10,1000019,0,0,"2021-02-25 15:46:54","2021-02-25 15:46:54"
1,1,10,1000020,0,0,"2021-02-25 15:46:54","2021-02-25 15:46:54"
1,1,10,1000021,0,0,"2021-02-25 15:46:54","2021-02-25 15:46:54"
1,1,10,1000022,0,0,"2021-02-25 15:46:54","2021-02-25 15:46:54"
1,1,10,1000023,0,0,"2021-02-25 15:46:54","2021-02-25 15:46:54"
1,1,10,1000024,0,0,"2021-02-25 15:46:54","2021-02-25 15:46:54"
1,1,10,1000025,0,0,"2021-02-25 15:46:54","2021-02-25 15:46:54"
1,1,10,1000026,0,0,"2021-02-25 15:46:54","2021-02-25 15:46:54"
1,1,10,1000027,0,0,"2021-02-25 15:46:54","2021-02-25 15:46:54"
1,1,10,1000028,0,0,"2021-02-25 15:46:54","2021-02-25 15:46:54"
1,1,10,1000029,0,0,"2021-02-25 15:46:54","2021-02-25 15:46:54"
1,1,10,1000030,0,0,"2021-02-25 15:46:54","2021-02-25 15:46:54"
1,1,10,1000031,0,0,"2021-02-25 15:46:54","2021-02-25 15:46:54"
1,1,10,1000032,0,0,"2021-02-25 15:46:54","2021-02-25 15:46:54"
1,1,10,1000033,0,0,"2021-02-25 15:46:54","2021-02-25 15:46:54"
1,1,10,1000034,0,0,"2021-02-25 15:46:54","2021-02-25 15:46:54"
1,1,10,1000035,0,0,"2021-02-25 15:46:54","2021-02-25 15:46:54"
1,1,10,1000036,0,0,"2021-02-25 15:46:54","2021-02-25 15:46:54"
1,1,10,1000037,0,0,"2021-02-25 15:46:54","2021-02-25 15:46:54"
1,1,10,1000038,0,0,"2021-02-25 15:46:54","2021-02-25 15:46:54"
1,1,10,1000039,0,0,"2021-02-25 15:46:54","2021-02-25 15:46:54"
1,1,10,1000040,0,0,"2021-02-25 15:46:54","2021-02-25 15:46:54"
1,1,10,1000041,0,0,"2021-02-25 15:46:54","2021-02-25 15:46:54"
1,1,10,1000042,0,0,"2021-02-25 15:46:54","2021-02-25 15:46:54"
1,1,10,1000043,0,0,"2021-02-25 15:46:54","2021-02-25 15:46:54"
1,1,10,1000044,0,0,"2021-02-25 15:46:54","2021-02-25 15:46:54"
1,1,10,1000045,0,0,"2021-02-25 15:46:54","2021-02-25 15:46:54"
1,1,10,1000046,0,0,"2021-02-25 15:46:54","2021-02-25 15:46:54"
1,1,10,1000047,0,0,"2021-02-25 15:46:54","2021-02-25 15:46:54"
1,1,10,1000048,0,0,"2021-02-25 15:46:54","2021-02-25 15:46:54"
1,1,10,1000049,0,0,"2021-02-25 15:46:54","2021-02-25 15:46:54"
1,1,10,1000050,0,0,"2021-02-25 15:46:54","2021-02-25 15:46:54"
1,1,10,1000051,0,0,"2021-02-25 15:46:54","2021-02-25 15:46:54"
1,1,10,1000052,0,0,"2021-02-25 15:46:54","2021-02-25 15:46:54"
1,1,10,1000053,0,0,"2021-02-25 15:46:54","2021-02-25 15:46:54"
1,1,10,1000054,0,0,"2021-02-25 15:46:54","2021-02-25 15:46:54"
1,1,10,1000055,0,0,"2021-02-25 15:46:54","2021-02-25 15:46:54"
1,1,10,1000056,0,0,"2021-02-25 15:46:54","2021-02-25 15:46:54"
1,1,10,1000057,0,0,"2021-02-25 15:46:54","2021-02-25 15:46:54"
1,1,10,1000058,0,0,"2021-02-25 15:46:54","2021-02-25 15:46:54"
1,1,10,1000059,0,0,"2021-02-25 15:46:54","2021-02-25 15:46:54"
1,1,10,1000060,0,0,"2021-02-25 15:46:54","2021-02-25 15:46:54"
1,1,10,1000061,0,0,"2021-02-25 15:46:54","2021-02-25 15:46:54"
1,1,10,1000062,0,0,"2021-02-25 15:46:54","2021-02-25 15:46:54"
1,1,10,1000063,0,0,"2021-02-25 15:46:54","2021-02-25 15:46:54"
1,1,10,1000064,0,0,"2021-02-25 15:46:54","2021-02-25 15:46:54"
1,1,10,1000065,0,0,"2021-02-25 15:46:54","2021-02-25 15:46:54"
1,1,10,1000066,0,0,"2021-02-25 15:46:54","2021-02-25 15:46:54"
1,1,10,1000067,0,0,"2021-02-25 15:46:54","2021-02-25 15:46:54"
1,1,10,1000068,0,0,"2021-02-25 15:46:54","2021-02-25 15:46:54"
1,1,10,1000069,0,0,"2021-02-25 15:46:54","2021-02-25 15:46:54"
1,1,10,1000070,0,0,"2021-02-25 15:46:54","2021-02-25 15:46:54"
1,1,10,1000071,0,0,"2021-02-25 15:46:54","2021-02-25 15:46:54"
1,1,10,1000072,0,0,"2021-02-25 15:46:54","2021-02-25 15:46:54"
1,1,10,1000073,0,0,"2021-02-25 15:46:54","2021-02-25 15:46:54"
1,1,10,1000074,0,0,"2021-02-25 15:46:54","2021-02-25 15:46:54"
1,1,10,1000075,0,0,"2021-02-25 15:46:54","2021-02-25 15:46:54"
1,1,10,1000076,0,0,"2021-02-25 15:46:54","2021-02-25 15:46:54"
1,1,10,1000077,0,0,"2021-02-25 15:46:54","2021-02-25 15:46:54"
1,1,10,1000078,0,0,"2021-02-25 15:46:54","2021-02-25 15:46:54"
1,1,10,1000079,0,0,"2021-02-25 15:46:54","2021-02-25 15:46:54"
1,1,10,1000080,0,0,"2021-02-25 15:46:54","2021-02-25 15:46:54"
1,1,10,1000081,0,0,"2021-02-25 15:46:54","2021-02-25 15:46:54"
1,1,10,1000082,0,0,"2021-02-25 15:46:54","2021-02-25 15:46:54"
1,1,10,1000083,0,0,"2021-02-25 15:46:54","2021-02-25 15:46:54"
1,1,10,1000084,0,0,"2021-02-25 15:46:54","2021-02-25 15:46:54"
1,1,10,1000085,0,0,"2021-02-25 15:46:54","2021-02-25 15:46:54"
1,1,10,1000086,0,0,"2021-02-25 15:46:54","2021-02-25 15:46:54"
1,1,10,1000087,0,0,"2021-02-25 15:46:54","2021-02-25 15:46:54"
1,1,10,1000088,0,0,"2021-02-25 15:46:54","2021-02-25 15:46:54"
1,1,10,1000089,0,0,"2021-02-25 15:46:54","2021-02-25 15:46:54"
1,1,10,1000090,0,0,"2021-02-25 15:46:54","2021-02-25 15:46:54"
1,1,10,1000091,0,0,"2021-02-25 15:46:54","2021-02-25 15:46:54"
1,1,10,1000092,0,0,"2021-02-25 15:46:54","2021-02-25 15:46:54"
1,1,10,1000093,0,0,"2021-02-25 15:46:54","2021-02-25 15:46:54"
1,1,10,1000094,0,0,"2021-02-25 15:46:54","2021-02-25 15:46:54"
1,1,10,1000095,0,0,"2021-02-25 15:46:54","2021-02-25 15:46:54"
1,1,10,1000096,0,0,"2021-02-25 15:46:54","2021-02-25 15:46:54"
1,1,10,1000097,0,0,"2021-02-25 15:46:54","2021-02-25 15:46:54"
1,1,10,1000098,0,0,"2021-02-25 15:46:54","2021-02-25 15:46:54"
1,1,10,1000099,0,0,"2021-02-25 15:46:54","2021-02-25 15:46:54"
